,id,genre,danceability,energy,key,loudness,mode,speechiness,acousticness,instrumentalness,liveness,valence,tempo,duration_ms,time_signature,preview_url
0,0J1YRLYhTG1MBosjidD7OI,RNB,0.753,0.669,7,-4.914,0,0.104,0.0378,0.0,0.122,0.584,140.948,247469,4,https://p.scdn.co/mp3-preview/5c4da4a4cf896268e243f545f81575986c9d2948?cid=b1b7bb35faa34eac9690da4b561aa86f
1,5YABYtKx9qa56vBjlXDbmw,RNB,0.462,0.331,9,-8.794,0,0.0432,0.911,0.0,0.15,0.604,141.364,190465,3,https://p.scdn.co/mp3-preview/2f92d0abdbb28a163bae87d2bac2375adc759322?cid=b1b7bb35faa34eac9690da4b561aa86f
2,5aIVCx5tnk0ntmdiinnYvw,RNB,0.673,0.722,3,-3.495,0,0.0755,0.0856,0.0,0.137,0.519,117.187,200256,4,https://p.scdn.co/mp3-preview/92479d43666b31ca72b7e2a4fad74568f98ee41e?cid=b1b7bb35faa34eac9690da4b561aa86f
3,1iBWjQ9af9NnUd5xnQDB3k,RNB,0.768,0.663,4,-6.901,0,0.0355,0.581,0.0,0.0974,0.559,96.039,204750,4,
4,3xKsf9qdS1CyvXSMEid6g8,RNB,0.545,0.545,9,-7.362,1,0.107,0.667,5.48e-05,0.417,0.549,159.94,184516,3,https://p.scdn.co/mp3-preview/0e3ca894e19c37cbbbd511d9eb682d8bee030126?cid=b1b7bb35faa34eac9690da4b561aa86f
5,3RaCGXCiiMufRPoexXxGkV,RNB,0.483,0.408,5,-9.243,0,0.0502,0.508,0.0,0.259,0.105,88.88,310491,3,
6,4iZ4pt7kvcaH6Yo8UoZ4s2,RNB,0.559,0.551,5,-7.231,1,0.132,0.141,0.0,0.11,0.392,143.008,201800,4,https://p.scdn.co/mp3-preview/8c53920b5fd2c3178afa36cac9eec68b5ee9204a?cid=b1b7bb35faa34eac9690da4b561aa86f
7,13ks10TjWmDaVL4iO8R5dV,RNB,0.837,0.383,9,-10.527,0,0.164,0.563,0.289,0.087,0.5,118.015,178983,4,https://p.scdn.co/mp3-preview/8085606ec8336d41340e370e3715fe3a9b91968f?cid=b1b7bb35faa34eac9690da4b561aa86f
8,2dHHgzDwk4BJdRwy9uXhTO,RNB,0.715,0.62,1,-6.005,0,0.0484,0.417,0.0,0.0822,0.172,97.95,221520,4,
9,7eQpbVg3tjHmtdOlAHxaTr,RNB,0.66,0.688,7,-6.34,1,0.0564,0.434,0.0,0.489,0.65,118.05,249407,4,https://p.scdn.co/mp3-preview/17d1055c1a8d2c2a7057c77dc503e85fd4ba3e33?cid=b1b7bb35faa34eac9690da4b561aa86f
10,3EaJDYHA0KnX88JvDhL9oa,RNB,0.603,0.784,6,-4.023,1,0.062,0.446,8.32e-06,0.119,0.769,172.041,173104,4,https://p.scdn.co/mp3-preview/90b3855fd50a4c4878a2d5117ebe73f658a97285?cid=b1b7bb35faa34eac9690da4b561aa86f
11,736PP5LTtREkDgktNmX3Gu,RNB,0.501,0.445,7,-9.117,1,0.0369,0.614,0.0373,0.194,0.0549,106.627,174513,5,
12,1zi7xx7UVEFkmKfv06H8x0,RNB,0.792,0.625,1,-5.609,1,0.0536,0.00776,0.0018,0.329,0.37,103.967,173987,4,
13,1Qrg8KqiBpW07V7PNxwwwL,RNB,0.644,0.735,8,-5.747,1,0.0391,0.0521,0.144,0.161,0.418,88.98,153947,4,https://p.scdn.co/mp3-preview/4bd2dc84016f3743add7eea8b988407b1b900672?cid=b1b7bb35faa34eac9690da4b561aa86f
14,4VY32hdU4byJ6cpEBAXRul,RNB,0.729,0.513,6,-7.507,1,0.0554,0.125,0.0,0.112,0.775,97.254,199924,4,https://p.scdn.co/mp3-preview/83e97822db0d0114809e9b830d20c01818f91cde?cid=b1b7bb35faa34eac9690da4b561aa86f
15,0JXXNGljqupsJaZsgSbMZV,RNB,0.684,0.607,11,-8.127,0,0.1,0.0267,0.000307,0.191,0.498,81.001,195373,4,https://p.scdn.co/mp3-preview/d337faa4bb71c8ac9a13998be64fbb0d7d8b8463?cid=b1b7bb35faa34eac9690da4b561aa86f
16,5fEB6ZmVkg63GZg9qO86jh,RNB,0.595,0.678,9,-5.18,1,0.0335,0.0199,0.00389,0.418,0.259,117.067,99213,4,https://p.scdn.co/mp3-preview/89f708c823dc7d3827d2f063b9075b51ec47f446?cid=b1b7bb35faa34eac9690da4b561aa86f
17,1Sr7G1nLlnAFZ8AKT7PuGo,RNB,0.52,0.549,5,-8.17,0,0.224,0.77,0.00012,0.102,0.396,142.056,194910,4,https://p.scdn.co/mp3-preview/9c0a06431f0fe6f2eb9e000ad88010b632d8ad9f?cid=b1b7bb35faa34eac9690da4b561aa86f
18,0mL82sxCRjrs3br407IdJh,RNB,0.702,0.586,9,-7.83,0,0.0313,0.0388,7.27e-05,0.156,0.608,134.951,199111,4,
19,3FImu2LpSuH6gDHBuFgIbS,RNB,0.367,0.142,6,-12.717,0,0.0319,0.913,0.00367,0.107,0.1,69.827,189463,4,
20,5IgjP7X4th6nMNDh4akUHb,RNB,0.733,0.69,9,-5.529,0,0.0427,0.0635,1.18e-06,0.105,0.31,116.992,184613,4,https://p.scdn.co/mp3-preview/52295df71df20e33e1510e3983975cd59f6664a4?cid=b1b7bb35faa34eac9690da4b561aa86f
21,5mCPDVBb16L4XQwDdbRUpz,RNB,0.809,0.463,11,-11.377,1,0.0396,0.256,0.085,0.109,0.364,111.98,298941,4,
22,7DfFc7a6Rwfi3YQMRbDMau,RNB,0.721,0.339,0,-11.195,1,0.0532,0.409,0.00153,0.0973,0.2,129.83,200747,4,
23,1RMJOxR6GRPsBHL8qeC2ux,RNB,0.524,0.364,7,-10.209,1,0.0367,0.808,0.0,0.1,0.436,75.24,209831,4,https://p.scdn.co/mp3-preview/c3c8ed8ba1546630a13ffb139b405800c121e10d?cid=b1b7bb35faa34eac9690da4b561aa86f
24,59nOXPmaKlBfGMDeOVGrIK,RNB,0.463,0.642,1,-4.474,1,0.34,0.314,0.0,0.0686,0.339,83.389,189893,4,https://p.scdn.co/mp3-preview/38e12dbcba624463f1a360afd5dcceaf281b1ea5?cid=b1b7bb35faa34eac9690da4b561aa86f
25,26b3oVLrRUaaybJulow9kz,RNB,0.573,0.422,10,-7.621,0,0.0678,0.551,1.31e-05,0.102,0.693,124.357,184791,5,https://p.scdn.co/mp3-preview/abcbc9adf10ae4901b40b80a30dc194d589c2d62?cid=b1b7bb35faa34eac9690da4b561aa86f
26,2Ch7LmS7r2Gy2kc64wv3Bz,RNB,0.582,0.525,1,-7.163,0,0.0627,0.111,0.0,0.134,0.51,133.249,260253,4,
27,3GZD6HmiNUhxXYf8Gch723,RNB,0.913,0.603,8,-4.892,1,0.226,0.0272,0.000503,0.167,0.497,123.061,234093,4,
28,2fXwCWkh6YG5zU1IyvQrbs,RNB,0.692,0.684,6,-7.364,1,0.155,0.131,0.0,0.156,0.406,112.912,231253,4,https://p.scdn.co/mp3-preview/31432e1f5ec59bd56c4dd83a5b6e5b468d4fbc2c?cid=b1b7bb35faa34eac9690da4b561aa86f
29,3XgGQ1wjo5khvq2UImjyNF,RNB,0.617,0.378,9,-8.54,1,0.0315,0.428,9.16e-05,0.11,0.22,141.967,216063,4,https://p.scdn.co/mp3-preview/8026f6eb83e79234f3387484a913b450082e45f5?cid=b1b7bb35faa34eac9690da4b561aa86f
30,3DarAbFujv6eYNliUTyqtz,RNB,0.764,0.705,8,-3.463,1,0.0284,0.259,8.92e-05,0.12,0.781,110.97,208667,4,https://p.scdn.co/mp3-preview/2903cc27c1a5bd03f247a7f83ace394c36d3c75f?cid=b1b7bb35faa34eac9690da4b561aa86f
31,2ZL7WZcjuYKi1KUDtp4kCC,RNB,0.773,0.701,7,-6.386,1,0.0512,0.01,0.0,0.163,0.203,129.963,214589,4,
32,3FAJ6O0NOHQV8Mc5Ri6ENp,RNB,0.449,0.465,0,-8.964,1,0.0791,0.524,1.02e-06,0.303,0.543,89.087,198371,3,https://p.scdn.co/mp3-preview/12200deba2a2f8126ff4430d35fec1be2969e87f?cid=b1b7bb35faa34eac9690da4b561aa86f
33,7zFXmv6vqI4qOt4yGf3jYZ,RNB,0.658,0.294,4,-8.533,0,0.0321,0.422,5.2e-05,0.0749,0.358,74.038,278180,4,https://p.scdn.co/mp3-preview/50f8ebebe7de796d2519b203077d119e66a90ea3?cid=b1b7bb35faa34eac9690da4b561aa86f
34,2Xr1dTzJee307rmrkt8c0g,RNB,0.727,0.739,8,-3.805,1,0.0411,0.365,0.00137,0.161,0.533,93.005,145800,4,https://p.scdn.co/mp3-preview/66fcd4a3341836530e964de7f24d9198610f537b?cid=b1b7bb35faa34eac9690da4b561aa86f
35,6oEVnWKgPqIEPc53OYDNqG,RNB,0.45,0.352,1,-11.733,0,0.267,0.649,3.8e-06,0.249,0.408,102.679,252747,4,https://p.scdn.co/mp3-preview/3ea3f13a61edf4fe0ab2fee73669a14dd3d257d7?cid=b1b7bb35faa34eac9690da4b561aa86f
36,2IlT65thKQQw248mhk2PjQ,RNB,0.726,0.353,10,-10.273,1,0.105,0.65,0.002,0.224,0.503,137.66,169014,4,https://p.scdn.co/mp3-preview/d879cb65ed6d0c36f66e87b7c7658ab86da20777?cid=b1b7bb35faa34eac9690da4b561aa86f
37,0k4d5YPDr1r7FX77VdqWez,RNB,0.828,0.621,8,-6.414,1,0.0565,0.0164,0.00233,0.0845,0.436,128.986,186173,4,https://p.scdn.co/mp3-preview/6f9e50e5f716c7e2441d4e0262304656c5b108fa?cid=b1b7bb35faa34eac9690da4b561aa86f
38,3YJJjQPAbDT7mGpX3WtQ9A,RNB,0.436,0.655,1,-8.37,0,0.0583,0.499,8.1e-06,0.688,0.412,121.002,279204,4,https://p.scdn.co/mp3-preview/ddda59aa9a028820fc0fb6ff05ae463924843191?cid=b1b7bb35faa34eac9690da4b561aa86f
39,2SLwbpExuoBDZBpjfefCtV,RNB,0.65,0.76,0,-4.422,0,0.0446,0.255,0.0,0.339,0.838,93.057,214194,4,
40,6XHVuErjQ4XNm6nDPVCxVX,RNB,0.696,0.454,1,-6.756,0,0.153,0.123,0.0,0.155,0.136,92.928,260640,4,https://p.scdn.co/mp3-preview/1b5fe75b6bfa48ebacdfe0ee11e8c548ee96e2f3?cid=b1b7bb35faa34eac9690da4b561aa86f
41,6ZRuF2n1CQxyxxAAWsKJOy,RNB,0.61,0.725,8,-5.131,1,0.15,0.367,0.0,0.154,0.291,146.163,201788,4,https://p.scdn.co/mp3-preview/603131313ab97576652b9c0769b2a68296d283ad?cid=b1b7bb35faa34eac9690da4b561aa86f
42,5YbPxJwPfrj7uswNwoF1pJ,RNB,0.795,0.565,3,-4.457,0,0.0948,0.131,0.0,0.0802,0.55,87.925,172342,4,https://p.scdn.co/mp3-preview/2424ab80f615e8dab8667ce4a30bbba09701d647?cid=b1b7bb35faa34eac9690da4b561aa86f
43,3JEJwjqLkg2Jbau5922CAb,RNB,0.542,0.487,1,-9.53,1,0.0286,0.0544,0.000885,0.0872,0.119,111.307,216631,4,https://p.scdn.co/mp3-preview/aaf4660ba22a6ebeb742bd1424e1c3689c4dc318?cid=b1b7bb35faa34eac9690da4b561aa86f
44,37Nqx7iavZpotJSDXZWbJ3,RNB,0.767,0.438,7,-8.726,0,0.29,0.181,0.0,0.142,0.381,86.975,221980,4,
45,09gysnJpfQ3ublBmJDfcEC,RNB,0.87,0.523,1,-8.052,0,0.0602,0.433,2.07e-05,0.113,0.319,110.02,204764,4,
46,2WigMwGJysIh9fRnSJvpjn,RNB,0.649,0.655,10,-5.534,0,0.0652,0.307,0.0,0.22,0.793,92.9,147581,4,https://p.scdn.co/mp3-preview/9d463921c49dde620ceb8e21c4b48346b9ae7be0?cid=b1b7bb35faa34eac9690da4b561aa86f
47,3EG9FJ0ToLfgnc1IG2Z1wz,RNB,0.468,0.652,0,-4.912,1,0.0722,0.333,0.000318,0.55,0.39,140.223,588139,4,https://p.scdn.co/mp3-preview/d82ed534bd9772e180cd03bd5636de771ac2cf75?cid=b1b7bb35faa34eac9690da4b561aa86f
48,08SB2OtZkaliju77WYEKxk,RNB,0.707,0.618,1,-5.825,0,0.19,0.17,0.0,0.293,0.517,133.876,231498,4,
49,3xVZYkcuWalGudeKl861wb,RNB,0.627,0.618,2,-8.529,1,0.0437,0.0558,0.0,0.351,0.848,82.03,197443,4,https://p.scdn.co/mp3-preview/03985ea0f5b53660c352773875ba5159533fe692?cid=b1b7bb35faa34eac9690da4b561aa86f
50,3baPniPXS0iEII8rDUJdYP,RNB,0.828,0.726,10,-6.389,0,0.0419,0.106,0.00101,0.103,0.67,113.017,212976,4,https://p.scdn.co/mp3-preview/d406891c4b9bc737b4865b234ddb05bffe56ead5?cid=b1b7bb35faa34eac9690da4b561aa86f
51,22I3h5AOENlH4CqXJsEbFR,RNB,0.418,0.31,11,-9.869,0,0.0625,0.095,0.0,0.216,0.131,139.614,260170,4,https://p.scdn.co/mp3-preview/99c21682a87628dbaa7331bc47cc743e174d34eb?cid=b1b7bb35faa34eac9690da4b561aa86f
52,2QdSb68BzZGMgCbsrFmSLc,RNB,0.609,0.581,2,-10.854,1,0.277,0.509,0.0,0.283,0.528,102.964,196204,3,https://p.scdn.co/mp3-preview/31f167f8a97fa38bb37ebf1c3ad1b4747250e466?cid=b1b7bb35faa34eac9690da4b561aa86f
53,3ncmoWTwJgx63LwMTyBCXf,RNB,0.52,0.546,8,-4.991,0,0.213,0.579,0.0,0.112,0.634,137.419,204317,3,
54,35ovElsgyAtQwYPYnZJECg,RNB,0.247,0.299,9,-6.083,1,0.0315,0.899,0.0,0.131,0.172,177.115,196520,4,
55,6zWU7YALeEDMcPGhKKZJhV,RNB,0.567,0.593,6,-7.404,0,0.288,0.117,1.32e-06,0.248,0.358,88.545,194157,4,https://p.scdn.co/mp3-preview/48a496df1ffceedb530b8744587b2369eb9a963d?cid=b1b7bb35faa34eac9690da4b561aa86f
56,3nXrCAE44KlevAkQB2XWcN,RNB,0.514,0.506,10,-7.095,0,0.28,0.402,2.56e-05,0.191,0.312,88.044,166998,4,
57,4at3d5QWnlibMVN75ECDrp,RNB,0.61,0.458,9,-11.336,1,0.36,0.696,0.000103,0.0852,0.246,192.099,240342,4,
58,6TSO4hwz9WGrEUY7ABGVim,RNB,0.428,0.443,2,-8.955,0,0.101,0.525,1.76e-05,0.219,0.2,87.934,180954,4,https://p.scdn.co/mp3-preview/cb8b6b837f15b8ed8b6ae65af2d95bdf15375516?cid=b1b7bb35faa34eac9690da4b561aa86f
59,1o8Z7GD1CeOaVBEyuzu4HO,RNB,0.481,0.539,4,-7.865,0,0.108,0.551,0.00539,0.12,0.621,153.277,186678,4,https://p.scdn.co/mp3-preview/ca58edf96434fe902d4ac82f91c578d9d8eccba5?cid=b1b7bb35faa34eac9690da4b561aa86f
60,1dIWPXMX4kRHj6Dt2DStUQ,RNB,0.571,0.767,2,-5.16,1,0.287,0.336,0.0,0.0809,0.605,93.421,161684,4,https://p.scdn.co/mp3-preview/b2703420fba6afe289e6f1d03d1c2bfb1f6ffdc3?cid=b1b7bb35faa34eac9690da4b561aa86f
61,2SWbnWSe1onmbllRAU46uo,RNB,0.768,0.428,1,-8.156,0,0.0459,0.0489,0.000491,0.105,0.147,110.478,174307,4,https://p.scdn.co/mp3-preview/36f6de8f29c91c4c2a21031d5ca13ec8c42c5e73?cid=b1b7bb35faa34eac9690da4b561aa86f
62,6VFKuuqSbA1GpMEosUgTwQ,RNB,0.637,0.299,7,-11.314,1,0.0366,0.742,0.0,0.359,0.364,83.872,213214,4,https://p.scdn.co/mp3-preview/64b2f592edfdd9c5543efd15015d7752489a2b8d?cid=b1b7bb35faa34eac9690da4b561aa86f
63,0AoBY2Y3qs6dtGgOD6c91N,RNB,0.6,0.659,4,-7.264,0,0.0542,0.176,0.0,0.111,0.307,89.955,221747,4,
64,4lsHZ92XCFOQfzJFBTluk8,RNB,0.762,0.433,5,-8.937,1,0.187,0.143,0.0,0.118,0.394,122.074,203145,4,https://p.scdn.co/mp3-preview/be377343d69a15bb5332e5d32ba203dab3550afa?cid=b1b7bb35faa34eac9690da4b561aa86f
65,5JycxhApZmzbA4xSwvqh6k,RNB,0.523,0.543,5,-8.39,0,0.156,0.65,0.0,0.257,0.318,116.161,127807,3,https://p.scdn.co/mp3-preview/acc37cdbaf00bef7427508300154b721d5da7ff7?cid=b1b7bb35faa34eac9690da4b561aa86f
66,0dFdGPVLs3k0z9ezYWZzUa,RNB,0.738,0.75,11,-3.654,0,0.219,0.0167,0.00976,0.174,0.342,112.009,207840,4,https://p.scdn.co/mp3-preview/f8a126e1c8c8b741ecfa53e0bb9f6ea7b2fb7e0b?cid=b1b7bb35faa34eac9690da4b561aa86f
67,0GGfGINoVYiSFXPOjg3RHj,RNB,0.821,0.412,7,-7.795,1,0.0341,0.625,1.64e-05,0.0985,0.333,109.977,209454,4,https://p.scdn.co/mp3-preview/e8d3b78962643a2908d8da7fe694583bc7334910?cid=b1b7bb35faa34eac9690da4b561aa86f
68,6U0FIYXCQ3TGrk4tFpLrEA,RNB,0.453,0.538,1,-8.212,1,0.0638,0.449,0.0,0.19,0.516,122.973,204533,4,https://p.scdn.co/mp3-preview/ef4f27cb1fb8f10ffe933fc772a936f32de95181?cid=b1b7bb35faa34eac9690da4b561aa86f
69,63wx9vdskaXbYxyDx4oJCZ,RNB,0.617,0.525,8,-10.426,0,0.12,0.554,1.1e-06,0.135,0.377,135.781,212867,4,
70,3TTMUI5dFcbeNSDTTDY9M8,RNB,0.679,0.728,5,-3.092,0,0.154,0.159,0.0,0.107,0.46,152.001,181013,4,
71,4slSrbTK1sNK4I1mDYEthf,RNB,0.613,0.624,11,-6.66,0,0.206,0.496,0.0,0.283,0.803,62.948,167917,5,https://p.scdn.co/mp3-preview/13ac0a850a436c3f10fdf2b765582b65667d916d?cid=b1b7bb35faa34eac9690da4b561aa86f
72,5VlTQnZO89Ioku8ssdbqJk,RNB,0.505,0.267,9,-13.763,0,0.05,0.279,0.0,0.096,0.439,143.929,247080,4,https://p.scdn.co/mp3-preview/ea77901675538cc8ddfe6b86b7b3b966922015fe?cid=b1b7bb35faa34eac9690da4b561aa86f
73,6jGAh1bFnXt1Muj9zeHveZ,RNB,0.651,0.703,0,-8.958,0,0.0816,0.0297,0.0,0.0608,0.647,140.051,249444,4,https://p.scdn.co/mp3-preview/3e85cec2c59de46689a7ca0839342d97d3aef008?cid=b1b7bb35faa34eac9690da4b561aa86f
74,5SixeLvPsYpk7qq9lo5xYg,RNB,0.903,0.535,9,-6.434,1,0.0742,0.297,0.0,0.345,0.508,130.022,148779,4,https://p.scdn.co/mp3-preview/e55fa7861f6fe15e8c614b905884ddc28b08cfc7?cid=b1b7bb35faa34eac9690da4b561aa86f
75,6ufcuVInt0ocHrUimDjGlb,RNB,0.618,0.712,1,-8.246,1,0.114,0.14,4.53e-06,0.575,0.305,97.057,254319,4,https://p.scdn.co/mp3-preview/8e2725101e48c5c3c9b9a79280e8cfe337783b99?cid=b1b7bb35faa34eac9690da4b561aa86f
76,2vXgyN14LX2zl7JEASw242,RNB,0.74,0.576,6,-6.744,0,0.146,0.0249,0.0,0.104,0.315,110.095,209476,4,https://p.scdn.co/mp3-preview/c5e18cad6d67269a66c7177106d7aab45a4e203d?cid=b1b7bb35faa34eac9690da4b561aa86f
77,6WHZvtFnceMMv08gUCHR0y,RNB,0.431,0.7,6,-5.35,1,0.265,0.0901,0.0,0.216,0.73,157.871,183219,4,https://p.scdn.co/mp3-preview/f7e39ba243ac170391ca580f52044550e2daf8aa?cid=b1b7bb35faa34eac9690da4b561aa86f
78,1cFKKdG6gmpptMBFxasJOE,RNB,0.795,0.341,7,-7.869,0,0.166,0.59,6.53e-05,0.12,0.313,119.872,208040,4,https://p.scdn.co/mp3-preview/b523c55a35512627930edbad907978a3d4abd96c?cid=b1b7bb35faa34eac9690da4b561aa86f
79,0uDdI4fAXCuNhQbmxENdsO,RNB,0.574,0.791,1,-3.752,1,0.11,0.419,0.0,0.0982,0.612,119.537,167810,4,https://p.scdn.co/mp3-preview/17513a41460ad15174ba2d1a6ac595ede90ab045?cid=b1b7bb35faa34eac9690da4b561aa86f
80,3vySEUpD0tc801F2WZDLYw,RNB,0.799,0.653,2,-5.453,0,0.037,0.019,0.0,0.0935,0.236,104.019,215281,4,https://p.scdn.co/mp3-preview/6eb13720d4923ee4c124a427c3ae8754e48f96f9?cid=b1b7bb35faa34eac9690da4b561aa86f
81,1De7cOMrdUnVpjWBaowMg4,RNB,0.726,0.728,11,-5.775,0,0.0408,0.239,0.0,0.177,0.566,115.047,225502,4,
82,61Emqg95O9zo1GNOcyxq4Y,RNB,0.442,0.517,9,-7.807,1,0.0548,0.0699,0.0,0.114,0.2,79.867,193822,4,https://p.scdn.co/mp3-preview/4e6dbeddcccf59e02bd6f601bfc34e26b0290ce3?cid=b1b7bb35faa34eac9690da4b561aa86f
83,51mLQ3w7yR7vjdSTFLWaY5,RNB,0.545,0.749,4,-6.621,0,0.153,0.103,0.0,0.232,0.681,100.503,196147,4,https://p.scdn.co/mp3-preview/37ec4d4b8008d79a3fec85d3bf6bc13ce5171356?cid=b1b7bb35faa34eac9690da4b561aa86f
84,4L4m2mgZDF8KIkJPdWWIAf,RNB,0.789,0.839,8,-4.24,1,0.0589,0.0321,0.00476,0.108,0.656,98.021,159372,4,https://p.scdn.co/mp3-preview/cba2433e80a8ba717ffbd2d08e0bb200002b17f3?cid=b1b7bb35faa34eac9690da4b561aa86f
85,0tkgmjBMU6qSxolAKB3f2H,RNB,0.547,0.619,3,-6.485,0,0.132,0.0951,2.62e-06,0.0716,0.519,76.285,233070,4,https://p.scdn.co/mp3-preview/a607fe82299d01dbbb5049a6db136c0aad105dd8?cid=b1b7bb35faa34eac9690da4b561aa86f
86,2KdKh9vHbKW0tZLqtpxxI0,RNB,0.81,0.655,8,-6.779,0,0.0698,0.127,8.16e-05,0.105,0.809,150.002,193322,4,
87,1REVvAphiSTJyKQ1fDpHa4,RNB,0.567,0.824,3,-6.973,0,0.296,0.167,2.65e-06,0.149,0.737,138.202,329295,4,
88,1DA2ADZs6O28y2rmdmpekw,RNB,0.914,0.643,6,-3.862,0,0.134,0.0498,0.0,0.0618,0.764,105.033,187907,4,https://p.scdn.co/mp3-preview/d39f8d61726b6449f07d2f8d0ae17e6c2487ccf0?cid=b1b7bb35faa34eac9690da4b561aa86f
89,2MJlhN2OockKCadeGS4AEP,RNB,0.686,0.415,4,-11.502,0,0.0425,0.743,0.000162,0.228,0.236,130.015,175387,4,https://p.scdn.co/mp3-preview/9ecaa8fe0b4f085e989aa17dd280825df69897e4?cid=b1b7bb35faa34eac9690da4b561aa86f
90,4qgMPzf9QOETWQFUcFkHD4,RNB,0.569,0.325,7,-9.66,0,0.0376,0.67,0.0,0.141,0.274,122.051,207547,3,https://p.scdn.co/mp3-preview/6e7a36afdb21900f00d4ed4f50c8199b6436bc80?cid=b1b7bb35faa34eac9690da4b561aa86f
91,1bdm32mVmoGcek5bVKxQKd,RNB,0.708,0.673,6,-4.163,1,0.0585,0.499,0.000233,0.103,0.311,136.969,197520,4,
92,1DOgkaR5Gqa8JtPEIbQORC,RNB,0.677,0.541,6,-6.057,0,0.0571,0.48,0.0,0.125,0.379,103.369,205276,4,https://p.scdn.co/mp3-preview/a327dc88625347ec9a7d232445309c1bf84f0724?cid=b1b7bb35faa34eac9690da4b561aa86f
93,3NiL2JcFIncyshy4KOKA73,RNB,0.574,0.176,8,-10.924,0,0.213,0.928,0.437,0.119,0.497,78.929,236236,4,https://p.scdn.co/mp3-preview/a947feb6f38aa4acd29a7a2edcae6095193a8398?cid=b1b7bb35faa34eac9690da4b561aa86f
94,1mSdbey7RstGLY2udgXv74,RNB,0.835,0.691,0,-5.828,1,0.113,0.0159,1.44e-05,0.108,0.581,103.999,263289,4,https://p.scdn.co/mp3-preview/7a1eaedacbc1018448d72e36ae97b7a1d7789dc0?cid=b1b7bb35faa34eac9690da4b561aa86f
95,2B7UWqNqKgPVGQQ6FXn2PP,RNB,0.734,0.511,0,-4.905,0,0.0592,0.148,0.0,0.29,0.727,124.995,206947,4,https://p.scdn.co/mp3-preview/08a90f0ae16594a29e7a5692da2a186d6385b5c4?cid=b1b7bb35faa34eac9690da4b561aa86f
96,67v2UHujFruxWrDmjPYxD6,RNB,0.756,0.554,7,-7.166,0,0.145,0.211,0.0,0.274,0.563,120.028,210346,4,
97,2lVYLiHGIX6GajMqYXF1Un,RNB,0.815,0.606,2,-4.496,0,0.0586,0.543,2.03e-05,0.114,0.484,114.009,223160,4,
98,7g6FlLHxbVqMi1s7S8tDTp,RNB,0.681,0.71,11,-6.643,0,0.0574,0.155,3.02e-05,0.367,0.254,89.957,188505,4,https://p.scdn.co/mp3-preview/487bd54b860e5d464f2589e3fe8bda62f7e79e18?cid=b1b7bb35faa34eac9690da4b561aa86f
99,0s7Z1RtnsmiYOfSIbB3btD,RNB,0.726,0.308,0,-5.858,0,0.0389,0.665,0.151,0.121,0.279,91.999,154532,4,
100,7sTyAjxDXq9afwfSQy6D0s,HipHop,0.671,0.615,1,-9.593,1,0.0955,0.00113,1.3e-06,0.211,0.109,130.031,147744,4,https://p.scdn.co/mp3-preview/08082a5c6306207179dcc44af304b9967c3ca9d0?cid=b1b7bb35faa34eac9690da4b561aa86f
101,52eIcoLUM25zbQupAZYoFh,HipHop,0.624,0.74,2,-8.445,1,0.0481,0.00529,0.000224,0.5,0.246,172.089,270698,4,https://p.scdn.co/mp3-preview/36b18ee006f29af8902a4886029ba2431368f57a?cid=b1b7bb35faa34eac9690da4b561aa86f
102,1oaV97SzklGWVLi9LdW4Hf,HipHop,0.844,0.626,0,-5.677,1,0.281,0.034,0.0,0.123,0.376,166.044,133984,4,
103,79AHPJd8upvNxyK2qQcY8J,HipHop,0.745,0.663,1,-5.056,1,0.423,0.078,0.0,0.213,0.686,167.137,192819,4,https://p.scdn.co/mp3-preview/939c9e6c6835a0610e02f80510f8d577c6d5c1f4?cid=b1b7bb35faa34eac9690da4b561aa86f
104,4iZIJ8Dcmi8yZ4uTB63ubu,HipHop,0.45,0.906,8,-5.303,1,0.295,0.00203,0.0,0.299,0.19,160.826,234093,4,https://p.scdn.co/mp3-preview/9016fb9e5cf21201a1f44080a831dbe402c0e499?cid=b1b7bb35faa34eac9690da4b561aa86f
105,5GCU2LJWPzoP8Q6nexs61z,HipHop,0.673,0.526,8,-7.612,1,0.0677,0.00172,0.0,0.3,0.303,75.505,139867,4,https://p.scdn.co/mp3-preview/e7f1ab435bf646af56941f2c4ef4fbda02bf8b91?cid=b1b7bb35faa34eac9690da4b561aa86f
106,4b8zFITxLmN0rIbhuj5wub,HipHop,0.92,0.703,8,-4.976,1,0.357,0.00518,0.0,0.0893,0.853,140.012,138857,4,
107,5CT3zRd2FKM7F81KEacXIP,HipHop,0.623,0.554,10,-8.137,1,0.103,0.0355,0.0,0.117,0.186,142.137,169014,3,
108,72v1J97VEDEoAq66SQW0yh,HipHop,0.724,0.711,7,-8.152,0,0.274,0.314,0.0,0.169,0.765,142.938,142315,4,https://p.scdn.co/mp3-preview/10976ba41032a978bb5fd25654f76806d41a4936?cid=b1b7bb35faa34eac9690da4b561aa86f
109,4w2Furap0ZzaiK4J14E9sR,HipHop,0.967,0.545,9,-6.647,1,0.207,0.0403,0.000195,0.0809,0.311,122.101,141639,4,
110,2Gad6cnlOw8iSwANtVZXWi,HipHop,0.943,0.652,7,-6.273,1,0.0625,0.0882,0.00252,0.157,0.542,111.025,112509,4,https://p.scdn.co/mp3-preview/7ba98a711c10f795ad6921093cbb2e9f8afacbb1?cid=b1b7bb35faa34eac9690da4b561aa86f
111,4xhsWYTOGcal8zt0J161CU,HipHop,0.943,0.558,2,-4.911,1,0.0568,0.0026,2.19e-06,0.0937,0.606,104.983,138411,4,https://p.scdn.co/mp3-preview/eeeb6151d0049367b3ad3db0389e9e3b116c0774?cid=b1b7bb35faa34eac9690da4b561aa86f
112,5zHqXGQkZ1BSGePTAg6xSF,HipHop,0.816,0.725,9,-3.786,0,0.149,0.352,0.0,0.125,0.444,143.917,173333,4,https://p.scdn.co/mp3-preview/eff103168fd1d72f12249eb58ec24cdd3b085ad3?cid=b1b7bb35faa34eac9690da4b561aa86f
113,0Fg88OWOdERXLMDcTWYwjf,HipHop,0.759,0.494,2,-9.495,1,0.341,0.343,0.0,0.114,0.174,129.969,209752,4,
114,2d95OanRucycsY2kOKgZmU,HipHop,0.661,0.621,5,-4.87,0,0.387,0.0227,0.0,0.115,0.291,119.119,232000,5,https://p.scdn.co/mp3-preview/18b724597e5a8cb95510bd39b187b640b62fe87f?cid=b1b7bb35faa34eac9690da4b561aa86f
115,5XOVnisFK9XbICdyMMjrol,HipHop,0.586,0.622,4,-7.358,1,0.148,0.132,0.00117,0.284,0.327,138.067,264348,4,
116,582YxhgpJEY0aEHQtVQFhO,HipHop,0.84,0.629,6,-6.629,0,0.291,0.152,0.0,0.154,0.564,148.125,162162,4,
117,2RWlRSi9TthgUka2yrLnrD,HipHop,0.632,0.699,0,-6.432,0,0.0658,0.128,0.000242,0.359,0.63,154.993,274200,4,
118,53QRPT9Z42ALxGL1YGT9x1,HipHop,0.94,0.652,5,-5.806,1,0.303,0.00226,0.0,0.0898,0.712,95.976,165765,4,
119,2yUzr8Sr6ldG8vmHhZwTnz,HipHop,0.678,0.758,1,-6.524,1,0.227,0.00495,0.0,0.57,0.318,165.423,220584,4,https://p.scdn.co/mp3-preview/b62efc34ec3502ecfb2bcd8e8f1d0bce419aad63?cid=b1b7bb35faa34eac9690da4b561aa86f
120,6j3wDNKqEeZ6QwPtCcpJX8,HipHop,0.641,0.681,6,-4.888,0,0.283,0.504,2.69e-05,0.103,0.896,101.429,242453,4,
121,2Adxpr1j5lSihOCsmIfflJ,HipHop,0.78,0.41,5,-8.164,1,0.0451,0.0185,0.0,0.153,0.0585,121.919,215240,4,
122,2CKjPJ59ihAjVro074hFmW,HipHop,0.689,0.714,8,-7.51,1,0.347,0.129,0.0,0.0542,0.415,132.984,145301,4,https://p.scdn.co/mp3-preview/e2ff5a189c8932b967e8634546ceff076ac943ad?cid=b1b7bb35faa34eac9690da4b561aa86f
123,1a73gcEg6h6Re6hHXoVltJ,HipHop,0.928,0.458,11,-6.751,1,0.187,0.0175,0.000446,0.118,0.242,144.995,172138,4,
124,5y0ZkrwaaXuTrW3Sbo4UI3,HipHop,0.728,0.601,5,-4.768,1,0.121,0.379,0.0,0.11,0.306,144.046,180400,4,https://p.scdn.co/mp3-preview/d84c5d824a3e9bdcc737f4c2392019e6c41811bb?cid=b1b7bb35faa34eac9690da4b561aa86f
125,58UHOOryzm04eyyhpS8qSQ,HipHop,0.815,0.733,0,-3.811,1,0.214,0.00484,0.0,0.0659,0.557,145.01,142968,4,https://p.scdn.co/mp3-preview/f09479e8e492c2b9152fe98cb33146a50c553467?cid=b1b7bb35faa34eac9690da4b561aa86f
126,2ut4BOQSqxLpcX5MtPjzYa,HipHop,0.56,0.784,1,-5.304,1,0.301,0.0508,0.0,0.221,0.25,78.161,227692,4,
127,4LWW14lPMoe8EzdlVNquDM,HipHop,0.68,0.764,11,-7.414,1,0.262,0.184,0.0,0.176,0.467,163.921,155122,4,https://p.scdn.co/mp3-preview/e4b775f3a5a0cf4b373e059ddd5125ffffa551e4?cid=b1b7bb35faa34eac9690da4b561aa86f
128,6Hn4RAq9DerZedTzgyCgvC,HipHop,0.722,0.625,5,-7.06,0,0.214,0.0675,0.000576,0.143,0.361,83.088,147470,4,
129,5ta1fZrCY7b98YNJqNN3H8,HipHop,0.502,0.623,1,-6.461,1,0.164,0.163,0.0,0.0806,0.361,94.968,156920,4,https://p.scdn.co/mp3-preview/8fe8bc8df3d72e1d2b81f45c3a75ca050e16df94?cid=b1b7bb35faa34eac9690da4b561aa86f
130,2MFQGJmG9JH3A93AxSQGKW,HipHop,0.648,0.619,0,-6.534,0,0.268,0.0238,0.0,0.148,0.413,74.952,192000,4,https://p.scdn.co/mp3-preview/dbfdfffbc3f89512f6ad3628e5ea7c17ad23fd2d?cid=b1b7bb35faa34eac9690da4b561aa86f
131,6vyM1yoPhhdezAcW8CmCJq,HipHop,0.787,0.601,3,-5.892,1,0.226,0.071,0.0,0.139,0.698,142.945,264179,4,https://p.scdn.co/mp3-preview/27aa1ae27b3f6ac80bfa891bdf63f5b93c851c7e?cid=b1b7bb35faa34eac9690da4b561aa86f
132,0oqnZWNBvobs1t181f45Ck,HipHop,0.525,0.552,1,-6.575,1,0.0709,0.0332,0.0,0.378,0.148,144.382,199547,4,https://p.scdn.co/mp3-preview/339099376708d6264b2f1530ba909fe5c7f82cc4?cid=b1b7bb35faa34eac9690da4b561aa86f
133,1esBqSSIPYQfmyO7CSl9XP,HipHop,0.758,0.547,8,-9.193,1,0.124,0.0516,5.31e-05,0.336,0.334,150.049,192023,4,https://p.scdn.co/mp3-preview/c43118e4b3289a9aea6a9a46a55df727e97aceb3?cid=b1b7bb35faa34eac9690da4b561aa86f
134,5FDc4ljIWyW8wClzt54dhs,HipHop,0.738,0.776,10,-4.884,0,0.231,0.0202,1.3e-06,0.111,0.456,175.912,199598,4,
135,2Dw5BoAmPzp23Yy8mLmuYh,HipHop,0.87,0.559,1,-10.243,1,0.321,0.00337,3.87e-05,0.0971,0.376,140.007,164571,4,
136,4PKh6tJP16etcy2eKyMODe,HipHop,0.879,0.547,1,-5.632,1,0.0739,0.0136,0.0,0.0793,0.193,148.022,166128,4,https://p.scdn.co/mp3-preview/8a14e29a7ddda50cd2adc24d980694a32c2e8aae?cid=b1b7bb35faa34eac9690da4b561aa86f
137,4kPQ9NQTg6rqZNJ0t3lDaI,HipHop,0.756,0.57,3,-7.136,0,0.316,0.314,0.0,0.116,0.314,77.374,297290,4,
138,07DzN4K6A7nP9ObnBRQAcO,HipHop,0.792,0.8,4,-4.653,0,0.328,0.223,0.0,0.156,0.935,96.869,140464,4,https://p.scdn.co/mp3-preview/4d6b8c5f1b3f06ba42ac1fa85dd2cc356c8e194a?cid=b1b7bb35faa34eac9690da4b561aa86f
139,5hzrmJKIS2CHmvlUWkdlYy,HipHop,0.798,0.789,4,-5.114,1,0.26,0.0367,0.0,0.388,0.709,162.055,205926,4,https://p.scdn.co/mp3-preview/33cf640e76ec5b5b62b07871a74769ef1e22fc61?cid=b1b7bb35faa34eac9690da4b561aa86f
140,3DFkDKoILOZ3an5oJzKDNZ,HipHop,0.593,0.724,2,-7.162,1,0.33,0.0896,0.0,0.648,0.58,81.308,217914,4,https://p.scdn.co/mp3-preview/e8048df90b78675d2f20936fe62c6b35dc21892a?cid=b1b7bb35faa34eac9690da4b561aa86f
141,2Yd5D02hVICrlpMvd4JOqc,HipHop,0.381,0.899,0,-2.908,1,0.499,0.145,0.0,0.405,0.286,175.74,219931,4,https://p.scdn.co/mp3-preview/0d71e4de3d4d37ecbb7852000308e6735cf6d6e0?cid=b1b7bb35faa34eac9690da4b561aa86f
142,7GkZ2cx7i74zu1piQy3i6T,HipHop,0.915,0.618,7,-8.581,1,0.0881,0.0137,5.23e-06,0.18,0.154,140.964,150680,4,
143,0VJXWgw0GWsprapvlpbuyu,HipHop,0.876,0.528,9,-9.223,1,0.233,0.0619,0.0,0.0904,0.346,123.007,206890,4,https://p.scdn.co/mp3-preview/278005f194f52f349b5d0ea1dab5285055edf5b3?cid=b1b7bb35faa34eac9690da4b561aa86f
144,6uTPdRrEDeH8Fyg5L5qmeU,HipHop,0.781,0.567,1,-7.857,1,0.0969,0.0504,0.0,0.0981,0.0743,121.964,125902,4,https://p.scdn.co/mp3-preview/03a94a73a0be0f5264e466ef019af922baf6a53d?cid=b1b7bb35faa34eac9690da4b561aa86f
145,2Gk6fi0dqt91NKvlzGsmm7,HipHop,0.773,0.635,10,-5.06,1,0.0452,0.0585,0.0,0.132,0.476,121.879,173253,4,
146,01tr4fGvHSR96HkrNrbFS0,HipHop,0.913,0.773,5,-6.555,0,0.13,0.288,0.0,0.0716,0.62,122.992,169588,4,https://p.scdn.co/mp3-preview/49bb7e77f3eff567f7288540cf3ec4159b5ff648?cid=b1b7bb35faa34eac9690da4b561aa86f
147,2YSzYUF3jWqb9YP9VXmpjE,HipHop,0.663,0.67,8,-8.399,1,0.271,0.0464,8.92e-05,0.205,0.138,136.952,260111,4,
148,3C9YXCS9aS60nyGqL4X13l,HipHop,0.4,0.715,4,-6.629,0,0.328,0.0652,0.0,0.104,0.344,83.08,180893,4,https://p.scdn.co/mp3-preview/e938ef2c74c148514754a660455dc18413f6b782?cid=b1b7bb35faa34eac9690da4b561aa86f
149,0Yn7YAYQVEtOZYJDhRN1Le,HipHop,0.582,0.66,5,-5.624,1,0.351,0.0243,0.0,0.113,0.531,82.141,154818,4,
150,0nXqW7YxqIzwlQJAtJahHh,HipHop,0.828,0.724,5,-5.636,0,0.15,0.0142,0.0,0.133,0.603,136.905,196568,4,https://p.scdn.co/mp3-preview/71c29096e9b559e2596f3efd7e10678d4be997d0?cid=b1b7bb35faa34eac9690da4b561aa86f
151,06P0OMevRLv6wWGdXHSGN2,HipHop,0.77,0.686,1,-3.824,0,0.176,0.0831,3.6e-06,0.0847,0.397,110.051,246753,4,https://p.scdn.co/mp3-preview/b6e3be09546ccef4a5c2c411564b45c77deafee3?cid=b1b7bb35faa34eac9690da4b561aa86f
152,67nepsnrcZkowTxMWigSbb,HipHop,0.557,0.774,7,-5.275,0,0.351,0.012,0.0,0.396,0.397,111.975,246134,4,https://p.scdn.co/mp3-preview/7c7e0e4419d101bcf73764f245639d7bc83b662a?cid=b1b7bb35faa34eac9690da4b561aa86f
153,2jcAIXXCZXz8cHD6bxkkRk,HipHop,0.65,0.565,0,-4.997,1,0.263,0.00268,0.0,0.149,0.146,124.999,136773,4,https://p.scdn.co/mp3-preview/490250a1798ecdfedd6214640bfcf47a7afb8fe6?cid=b1b7bb35faa34eac9690da4b561aa86f
154,3FjK86616FbluOfTxNK2gY,HipHop,0.931,0.401,0,-8.756,1,0.158,0.399,2.05e-06,0.266,0.613,128.871,148928,4,https://p.scdn.co/mp3-preview/066d874dba49b223e4a6fd6ce219b17a0c9c91aa?cid=b1b7bb35faa34eac9690da4b561aa86f
155,2FDTHlrBguDzQkp7PVj16Q,HipHop,0.916,0.583,1,-8.067,1,0.241,0.186,0.0,0.0798,0.661,141.095,226383,4,
156,1nXEbGvVAWGRFwVRBu1YSY,HipHop,0.868,0.63,8,-8.041,1,0.221,0.18,3.69e-05,0.118,0.425,142.002,149938,4,
157,141y1FjVBV5IY7Mlvw5poL,HipHop,0.734,0.648,4,-5.509,1,0.173,0.124,0.0,0.215,0.672,97.984,222640,4,https://p.scdn.co/mp3-preview/5d5806d41119c1d03df34acaaf82c6dadcd0919d?cid=b1b7bb35faa34eac9690da4b561aa86f
158,7kSBvPr9it26XjylB5LJkx,HipHop,0.722,0.579,0,-6.339,0,0.15,0.0952,0.0,0.261,0.544,157.001,174296,4,https://p.scdn.co/mp3-preview/d1a052dc4df46dceaa11f71874fefb07c2bab487?cid=b1b7bb35faa34eac9690da4b561aa86f
159,09VW2o6EHSWwzCdhW4ARU1,HipHop,0.858,0.58,5,-5.897,0,0.118,0.0115,0.0,0.0788,0.847,94.984,142831,4,https://p.scdn.co/mp3-preview/4714a343abb61f0b5d02a2721a646965af4abdab?cid=b1b7bb35faa34eac9690da4b561aa86f
160,0ydoqpTVhaDzjDg7WVcg4m,HipHop,0.887,0.397,9,-8.261,0,0.14,0.837,0.421,0.0772,0.469,99.983,163190,4,https://p.scdn.co/mp3-preview/1480c525cc9be5a2ec4fbf238e366d35a862580c?cid=b1b7bb35faa34eac9690da4b561aa86f
161,42VsgItocQwOQC3XWZ8JNA,HipHop,0.569,0.882,3,-2.777,0,0.06,0.0316,0.0,0.142,0.201,148.038,191701,4,https://p.scdn.co/mp3-preview/4b0178cf6991f59db18e12e2219ff11e27474b0a?cid=b1b7bb35faa34eac9690da4b561aa86f
162,3dX2DItyqF78yNhPJZakmM,HipHop,0.641,0.745,9,-4.883,0,0.119,0.123,0.0,0.176,0.32,73.02,120105,4,
163,6cViXqp01e3FrAaseuiSAV,HipHop,0.676,0.608,9,-4.972,0,0.0329,0.213,0.0,0.104,0.118,119.993,262230,4,
164,3kfhS2L56Wj8fBcu7xE47H,HipHop,0.544,0.496,0,-12.032,1,0.21,0.13,0.0,0.166,0.314,103.148,203442,5,https://p.scdn.co/mp3-preview/f200e74af77bc4641c95959d244b9e28441d1eb1?cid=b1b7bb35faa34eac9690da4b561aa86f
165,08XzbojBXDW2GOGKQXt1ga,HipHop,0.737,0.64,1,-5.443,1,0.152,0.128,0.0,0.0982,0.616,90.039,160160,4,https://p.scdn.co/mp3-preview/b9751dde3efa806223dc1f2d02475b079a1f0e8d?cid=b1b7bb35faa34eac9690da4b561aa86f
166,17wZ58uIxULAVELzhEURni,HipHop,0.872,0.93,8,-4.666,1,0.186,0.0873,0.00113,0.126,0.866,88.476,240080,4,https://p.scdn.co/mp3-preview/5cfeeb17dccaa55d84544507ee7cac5784f2a19a?cid=b1b7bb35faa34eac9690da4b561aa86f
167,6vz3Fyhj6smbuYuaIZHksu,HipHop,0.821,0.783,2,-4.498,1,0.0423,0.118,0.0,0.137,0.333,106.989,226542,4,
168,7jxnHknJtjE1MM8IfUidMF,HipHop,0.831,0.442,8,-10.193,1,0.0769,0.0399,2.63e-05,0.292,0.142,129.965,243884,4,https://p.scdn.co/mp3-preview/0bcd76c98a6c9094978788b4eea2b3fff7bc44d5?cid=b1b7bb35faa34eac9690da4b561aa86f
169,7LTCmtMpf3JPfBE8gAl64z,HipHop,0.869,0.557,11,-7.112,0,0.384,0.577,0.0,0.139,0.629,124.927,230836,4,
170,09FcXaLu1BdrRNgxyBi6p5,HipHop,0.897,0.665,4,-4.718,0,0.0713,0.169,4.02e-05,0.217,0.601,115.05,255160,4,
171,1jrjUPWrfMw8RBbZ9PlX0W,HipHop,0.718,0.508,0,-8.45,1,0.0523,0.315,0.0,0.0523,0.638,144.055,124792,4,https://p.scdn.co/mp3-preview/d57481c0921974d69b4de3bf6e9c43f339b49c1d?cid=b1b7bb35faa34eac9690da4b561aa86f
172,51hjlwiTLAHZxkKS28R38R,HipHop,0.856,0.513,2,-7.912,1,0.0605,0.0109,3.96e-06,0.139,0.174,105.064,128000,4,https://p.scdn.co/mp3-preview/7546c59774aeac4c636f39f544156422ebd1d2da?cid=b1b7bb35faa34eac9690da4b561aa86f
173,7qLr3HMApUbyDkUvgIvHnB,HipHop,0.808,0.789,7,-5.88,0,0.236,0.0517,0.0,0.0819,0.465,136.01,185333,4,https://p.scdn.co/mp3-preview/e0bc5b4bd0c08137d5a0179a355baf99804e0e91?cid=b1b7bb35faa34eac9690da4b561aa86f
174,2xWTbOsDclkxRarvshyReu,HipHop,0.76,0.866,10,-4.576,0,0.283,0.0989,0.0,0.164,0.762,160.128,225453,4,
175,1DIXPcTDzTj8ZMHt3PDt8p,HipHop,0.647,0.514,8,-10.05,1,0.0593,0.0655,0.0,0.398,0.386,79.975,240693,4,https://p.scdn.co/mp3-preview/1454c63a66c27ac745f874d6c113270a9c62d28e?cid=b1b7bb35faa34eac9690da4b561aa86f
176,503OTo2dSqe7qk76rgsbep,HipHop,0.816,0.775,11,-3.323,1,0.234,0.16,0.00031,0.0543,0.527,93.431,270587,4,
177,2qOm7ukLyHUXWyR4ZWLwxA,HipHop,0.798,0.744,7,-5.328,0,0.136,0.33,0.000106,0.292,0.794,82.356,260000,4,
178,7KwZNVEaqikRSBSpyhXK2j,HipHop,0.901,0.697,9,-3.439,1,0.28,0.145,0.0,0.287,0.67,93.941,229827,4,https://p.scdn.co/mp3-preview/6aa2483fe9ac2dae624a1a88952aa24bb5c2414e?cid=b1b7bb35faa34eac9690da4b561aa86f
179,6MdqqkQ8sSC0WB4i8PyRuQ,HipHop,0.867,0.646,1,-4.674,0,0.288,0.303,0.0,0.279,0.67,88.634,304600,4,
180,0Q0IVlqMV64kNLlwjPj0Hl,HipHop,0.765,0.29,4,-17.117,0,0.139,0.0279,0.0,0.571,0.506,92.409,298773,4,https://p.scdn.co/mp3-preview/63ba38c018c61519e68715aa003f4c72374d65b5?cid=b1b7bb35faa34eac9690da4b561aa86f
181,5g9lS8deSIxItFBmZRC4vN,HipHop,0.801,0.91,2,-6.566,1,0.225,0.00239,0.000891,0.0737,0.805,87.277,278387,4,
182,2Ih217RCGAmyQR68Nn7Cqo,HipHop,0.747,0.52,10,-10.523,0,0.0357,0.0977,0.0537,0.142,0.601,92.869,232773,4,
183,75IN3CtuZwTHTnZvYM4qnJ,HipHop,0.869,0.68,1,-6.233,1,0.318,0.0416,1.12e-06,0.0914,0.815,85.519,268400,4,
184,33ZXjLCpiINn8eQIDYEPTD,HipHop,0.763,0.786,10,-6.472,0,0.229,0.0146,0.0114,0.0817,0.504,93.857,325507,4,https://p.scdn.co/mp3-preview/a652d49e8093528e7a3f57f86ce329137ccd07db?cid=b1b7bb35faa34eac9690da4b561aa86f
185,0uEp9E98JB5awlA084uaIg,HipHop,0.535,0.505,2,-8.926,0,0.245,0.0393,0.0,0.0923,0.495,99.935,320267,4,https://p.scdn.co/mp3-preview/feb1c988c1940d63a3af836f2965f04177dc24c9?cid=b1b7bb35faa34eac9690da4b561aa86f
186,4LwU4Vp6od3Sb08CsP99GC,HipHop,0.922,0.909,10,-2.429,0,0.27,0.0281,0.0,0.0856,0.309,95.295,161507,4,
187,4VQNCzfZ3MdHEwwErNXpBo,HipHop,0.872,0.723,1,-5.968,1,0.247,0.0293,0.0,0.327,0.843,93.279,307773,4,
188,119c93MHjrDLJTApCVGpvx,HipHop,0.479,0.549,11,-10.551,0,0.373,0.57,0.0235,0.127,0.576,180.985,252187,4,https://p.scdn.co/mp3-preview/a4a5cbb514e2f34d0152da0f9f76d48d07995e5c?cid=b1b7bb35faa34eac9690da4b561aa86f
189,5ByAIlEEnxYdvpnezg7HTX,HipHop,0.889,0.818,9,-4.639,1,0.253,0.47,0.0,0.179,0.782,96.063,302760,4,https://p.scdn.co/mp3-preview/bf2e9935d13f644f3e1386cd3a3f33109f80d3dd?cid=b1b7bb35faa34eac9690da4b561aa86f
190,39QBkWKnap8wRSW4WB9OK0,HipHop,0.603,0.762,4,-7.744,0,0.285,0.0953,1.53e-05,0.478,0.379,94.726,211867,4,https://p.scdn.co/mp3-preview/d4bdbbb0d332c63233fe86ce23037aa9a827e113?cid=b1b7bb35faa34eac9690da4b561aa86f
191,4IYKjN1DrYzxKXt0umJqsG,HipHop,0.6,0.706,10,-7.899,0,0.361,0.209,0.0,0.125,0.58,173.926,253533,4,https://p.scdn.co/mp3-preview/cadcd70abb54f367b754bcba6a2cd2a9b3654a55?cid=b1b7bb35faa34eac9690da4b561aa86f
192,7nYvUtkQMx1v80S2FH2s9J,HipHop,0.849,0.521,11,-12.999,0,0.216,0.304,1.65e-06,0.115,0.763,95.265,248867,4,
193,7iXF2W9vKmDoGAhlHdpyIa,HipHop,0.924,0.74,8,-1.299,1,0.0774,0.0827,0.0,0.163,0.621,133.974,222293,4,
194,7L93GESzq43UkKUt5FsOCq,HipHop,0.811,0.823,4,-5.921,0,0.0423,0.0553,4.52e-06,0.158,0.827,106.929,218547,4,https://p.scdn.co/mp3-preview/93b149a75e3e77d0663c662389cf7f46d323a6ac?cid=b1b7bb35faa34eac9690da4b561aa86f
195,4AE7Lj39VnSZNOmGH2iZaq,HipHop,0.874,0.63,1,-3.585,1,0.298,0.0578,0.00479,0.0582,0.717,95.0,281600,4,
196,4INDiWSKvqSKDEu7mh8HFz,HipHop,0.845,0.884,6,-4.506,0,0.0759,0.0128,2.1e-06,0.203,0.904,104.536,257400,4,https://p.scdn.co/mp3-preview/4a998f56e8a5a0093d4f29e2d5260ac2a8fee08a?cid=b1b7bb35faa34eac9690da4b561aa86f
197,1oTHteQbmJw15rPxPVXUTv,HipHop,0.897,0.611,11,-10.489,1,0.211,0.0291,0.186,0.0894,0.769,102.304,208267,4,https://p.scdn.co/mp3-preview/a39e9fdf3fd4ab28cd7267c31967f329a5aea0de?cid=b1b7bb35faa34eac9690da4b561aa86f
198,0trHOzAhNpGCsGBEu7dOJo,HipHop,0.665,0.91,6,-4.682,0,0.223,0.0394,0.0,0.227,0.887,84.099,293973,4,https://p.scdn.co/mp3-preview/f27225424bca80900ee9a32f4a494c900a012200?cid=b1b7bb35faa34eac9690da4b561aa86f
199,3vZO25GdYuqFrR1kzZADnp,HipHop,0.607,0.422,10,-13.364,0,0.499,0.209,0.0,0.0839,0.563,130.47,226987,3,https://p.scdn.co/mp3-preview/faef087ef46db44c36f29a3d002dec76dc5b1b54?cid=b1b7bb35faa34eac9690da4b561aa86f
200,5Tbpp3OLLClPJF8t1DmrFD,HipHop,0.669,0.821,11,-4.37,0,0.29,0.00182,0.0,0.147,0.684,94.895,237573,4,
201,6e8Ou0wiqAzIpWb2eSxll8,HipHop,0.877,0.534,1,-6.178,1,0.15,0.0339,1.67e-05,0.0441,0.89,108.17,197560,4,https://p.scdn.co/mp3-preview/4c06f85cf92c5cb64ea1da5fa33be3f8b285b39d?cid=b1b7bb35faa34eac9690da4b561aa86f
202,0eO8MW9YSTK3CjdaTYKlhF,HipHop,0.734,0.735,7,-6.201,1,0.065,0.000813,3.25e-05,0.559,0.729,96.806,246200,4,https://p.scdn.co/mp3-preview/fd5c8b69c743f53b9bf6079c097553207d64de15?cid=b1b7bb35faa34eac9690da4b561aa86f
203,1BKT2I9x4RGKaKqW4up34s,HipHop,0.88,0.577,10,-8.093,0,0.302,0.0564,1.02e-06,0.201,0.74,90.991,214440,4,
204,3GKL13lkM5nRc4zC1lIOrR,HipHop,0.9,0.619,4,-6.518,0,0.312,0.203,0.00156,0.0647,0.864,94.121,236800,4,https://p.scdn.co/mp3-preview/330714e1c2ee9a0c62f3b5c6d5e4f8915fdbfde0?cid=b1b7bb35faa34eac9690da4b561aa86f
205,3Ti0GdlrotgwsAVBBugv0I,HipHop,0.848,0.666,0,-6.547,1,0.274,0.173,0.000699,0.129,0.744,96.662,251573,4,https://p.scdn.co/mp3-preview/cb6c256d2212dd8e942b10216313ac1d2a5480c0?cid=b1b7bb35faa34eac9690da4b561aa86f
206,5PQmSHzWnlgG4EBuIqjac2,HipHop,0.879,0.564,10,-7.682,0,0.247,0.0474,9.43e-06,0.0519,0.523,93.908,282373,4,https://p.scdn.co/mp3-preview/7abb95c11258791deb81c381c14519fabb3abaf1?cid=b1b7bb35faa34eac9690da4b561aa86f
207,0Pu71wxadDlB8fJXfjIjeJ,HipHop,0.939,0.675,0,-7.232,1,0.211,0.0915,0.0,0.0565,0.795,96.918,248573,4,
208,3NGT0Td7H4Is1qrlDQJxma,HipHop,0.934,0.735,1,-6.668,1,0.251,0.031,8.6e-06,0.107,0.768,101.368,273107,4,
209,6tDxrq4FxEL2q15y37tXT9,HipHop,0.773,0.54,6,-7.123,1,0.103,0.371,0.0,0.131,0.322,84.115,280000,4,
210,7N1Vjtzr1lmmCW9iasQ8YO,HipHop,0.813,0.703,11,-5.077,0,0.268,0.125,1.26e-06,0.237,0.241,94.828,224533,4,https://p.scdn.co/mp3-preview/baed7c03d6b2f08e1d1b27f17a1c6b3450b4f3e7?cid=b1b7bb35faa34eac9690da4b561aa86f
211,7m97yKVzPpXV9Z4ezEziOD,HipHop,0.88,0.814,11,-6.307,0,0.14,0.168,0.00672,0.0584,0.942,138.083,283067,4,
212,1yy2DlSDtEt90d54rPDPXz,HipHop,0.833,0.619,7,-5.595,1,0.0538,0.111,2.13e-05,0.159,0.901,109.92,306560,4,https://p.scdn.co/mp3-preview/00293d45c0423c1278747e13e4d4e087d5a9b002?cid=b1b7bb35faa34eac9690da4b561aa86f
213,2vfvGlqCB7oertO5VLE0sz,HipHop,0.918,0.734,11,-2.832,0,0.269,0.0296,8.01e-06,0.191,0.608,97.044,230693,4,https://p.scdn.co/mp3-preview/4be4a6e24d32059814c365aa9bdf8c351bd7f611?cid=b1b7bb35faa34eac9690da4b561aa86f
214,0PV1TFUMTBrDETzW6KQulB,HipHop,0.59,0.672,1,-11.792,1,0.412,0.125,1.04e-06,0.147,0.688,206.247,286440,4,https://p.scdn.co/mp3-preview/0e6d57d27a5b2760037afb7c052ca57945933358?cid=b1b7bb35faa34eac9690da4b561aa86f
215,5fpizYGbi5IQoEraj6FP0R,HipHop,0.734,0.864,2,-6.119,1,0.303,0.022,9.85e-06,0.246,0.47,105.932,231493,4,
216,0IVAlb0cFCH1cQ974iR1TU,HipHop,0.782,0.589,1,-4.827,1,0.189,0.148,0.0,0.164,0.869,90.438,223547,4,
217,4G3dZN9o3o2X4VKwt4CLts,HipHop,0.759,0.756,4,-8.145,0,0.266,0.0903,2.36e-06,0.265,0.613,87.059,303493,4,
218,6sCtddSFg3foJn4K2pIhfQ,HipHop,0.696,0.636,10,-6.915,0,0.335,0.158,1.28e-05,0.338,0.358,81.593,309800,4,
219,0XRbYXQUymj9SJkrr8YK5B,HipHop,0.598,0.732,4,-7.013,1,0.425,0.144,0.0,0.508,0.595,172.329,262507,4,
220,5KSJ9k1FYjFLnIRlJT2wF8,HipHop,0.679,0.509,4,-7.31,1,0.0617,0.0856,0.0,0.438,0.534,144.29,223547,4,https://p.scdn.co/mp3-preview/be907adc0d03b2fa8b19e25f482ad087d6da9cec?cid=b1b7bb35faa34eac9690da4b561aa86f
221,0eEXcw3JLVXcRxYrVYMy68,HipHop,0.866,0.534,11,-9.201,1,0.229,0.184,0.266,0.0929,0.841,98.243,226133,4,https://p.scdn.co/mp3-preview/8746d521d67f75d3d96ac4688b75e4cf67dd57f6?cid=b1b7bb35faa34eac9690da4b561aa86f
222,4anqYZt4APNlFwQixpbdZR,HipHop,0.612,0.659,6,-6.995,0,0.406,0.0137,0.0,0.417,0.393,99.137,136093,4,
223,5Tl0HJvynZtKdSUMKbFVVX,HipHop,0.884,0.679,10,-5.857,0,0.282,0.0957,0.00209,0.0289,0.591,76.993,238467,4,
224,1EiLrPd8JMTcQUr1aLEUKi,HipHop,0.787,0.832,10,-4.671,1,0.301,0.0347,0.0,0.0593,0.814,92.606,177667,4,
225,7qHAjAL7CpadaZLamuBZRm,HipHop,0.683,0.74,11,-6.041,0,0.0462,0.00228,0.0,0.238,0.65,129.515,281773,4,https://p.scdn.co/mp3-preview/3e49fa793842eddcac44d9b578818de721b74916?cid=b1b7bb35faa34eac9690da4b561aa86f
226,27AHAtAirQapVldIm4c9ZX,HipHop,0.749,0.745,2,-10.625,1,0.164,0.000501,0.00403,0.333,0.481,101.972,195107,4,https://p.scdn.co/mp3-preview/3bfd22ebed8273e6ba6494f72db262a58aaf5f04?cid=b1b7bb35faa34eac9690da4b561aa86f
227,6YYd5MLpu45J0uLrMdivF7,HipHop,0.934,0.459,1,-7.654,1,0.189,0.0516,0.0,0.222,0.697,103.04,239547,4,https://p.scdn.co/mp3-preview/a1ca5f902971a4442d0a3b10d7abc777d7a7c358?cid=b1b7bb35faa34eac9690da4b561aa86f
228,2ImuQo1g14CTR9hZAZD3aQ,HipHop,0.804,0.443,6,-10.268,0,0.134,0.0312,0.0225,0.112,0.58,92.035,203027,4,
229,1rJM37Dd4OcSJvzI84yCcP,HipHop,0.681,0.505,1,-11.709,1,0.138,0.137,0.0,0.234,0.399,89.953,260067,4,https://p.scdn.co/mp3-preview/854320a6d863878864e7076386ac96b9baa26b3d?cid=b1b7bb35faa34eac9690da4b561aa86f
230,2CPturRUlpvirYr7VpkXCV,HipHop,0.69,0.729,11,-5.819,0,0.221,1.7e-05,0.0431,0.152,0.357,91.376,202107,4,https://p.scdn.co/mp3-preview/d3c9461e8c1b3be6d140214a6418887d82beaab6?cid=b1b7bb35faa34eac9690da4b561aa86f
231,2KFg8kjYy0rYjWsXGhEQHN,HipHop,0.831,0.682,7,-5.697,1,0.238,0.256,0.0,0.494,0.6,91.771,319360,4,https://p.scdn.co/mp3-preview/3cd64fb3b9dcb758609777115120a515a763f816?cid=b1b7bb35faa34eac9690da4b561aa86f
232,30oTS7bm0aH3p7lqjEIu8q,HipHop,0.875,0.745,1,-5.878,1,0.269,0.0227,2.37e-06,0.287,0.749,95.201,217440,4,
233,3ABG1UQTk0eLYUAeWkmfMi,HipHop,0.814,0.481,0,-5.183,1,0.245,0.097,3.83e-05,0.0495,0.193,96.252,161400,4,https://p.scdn.co/mp3-preview/4b4af7849eeaa9401070fec7edad1726a7aed3d3?cid=b1b7bb35faa34eac9690da4b561aa86f
234,1dF5Y2dd7Wm4wZKvVjWBpr,HipHop,0.729,0.581,5,-8.235,0,0.18,0.0777,3.81e-06,0.696,0.508,74.038,314680,4,https://p.scdn.co/mp3-preview/1e90bcbb28865fc68bd71a05c685857aac07e891?cid=b1b7bb35faa34eac9690da4b561aa86f
235,4pdLZsxq0y5oJDb6Cxlokw,HipHop,0.729,0.442,11,-8.106,0,0.285,0.151,0.0,0.189,0.757,81.029,259307,4,
236,0shK5iZQppbHPQYiy60xs9,HipHop,0.792,0.701,6,-7.198,0,0.283,0.105,0.0,0.761,0.251,103.89,324373,4,https://p.scdn.co/mp3-preview/d08f81166a676fe74633b62a576f6861f96b7a78?cid=b1b7bb35faa34eac9690da4b561aa86f
237,1SyQ6t9RdRBK0QUCS6a797,HipHop,0.862,0.642,6,-13.652,0,0.101,0.102,0.0,0.272,0.765,99.2,267267,4,https://p.scdn.co/mp3-preview/73a29edeace09e859acfd831d3adfbe22399fb53?cid=b1b7bb35faa34eac9690da4b561aa86f
238,7q6lr1W6cmGWijl5kCv5RG,HipHop,0.735,0.797,11,-4.611,0,0.285,0.0174,0.0,0.62,0.731,170.444,332627,4,https://p.scdn.co/mp3-preview/3b10d064e7c39345c71bb11aa7a0b3a36d51d182?cid=b1b7bb35faa34eac9690da4b561aa86f
239,0B8drtTSp68pZdkmVrG9ZA,HipHop,0.633,0.764,0,-7.212,1,0.323,0.32,3.4e-06,0.234,0.522,94.971,228173,4,https://p.scdn.co/mp3-preview/f166bdd1d979c86581bf8e21f1780d4d76d9881a?cid=b1b7bb35faa34eac9690da4b561aa86f
240,1Sgj10byiGzPpI2IrXSFEn,HipHop,0.817,0.552,8,-10.8,0,0.385,0.0318,7.01e-06,0.826,0.808,102.011,291067,4,https://p.scdn.co/mp3-preview/68504ca80a28f6eb6dd716e34bcbb7b728ad1384?cid=b1b7bb35faa34eac9690da4b561aa86f
241,65iyI1iybyv5ecsfBHSdUf,HipHop,0.843,0.7,9,-3.249,0,0.26,0.127,0.0,0.876,0.675,95.05,293053,4,
242,3gY6tiCNsuVi6s8kPV6aQg,HipHop,0.634,0.845,11,-5.058,0,0.352,0.00602,5.29e-06,0.0598,0.929,94.0,237027,4,https://p.scdn.co/mp3-preview/037fb25bbffb2159c6a3ed81560443addf61e475?cid=b1b7bb35faa34eac9690da4b561aa86f
243,7jIujRjK5JKNrMCcAvYUTN,HipHop,0.672,0.777,9,-4.238,0,0.0956,0.0379,0.00141,0.159,0.238,90.575,305573,4,
244,0XgpiStoxq1IJncYlPrvZ5,HipHop,0.754,0.785,10,-8.178,0,0.18,0.0287,0.00144,0.319,0.821,94.123,296267,4,
245,24vNw0Z0srb4zYXwrakw8E,HipHop,0.826,0.566,10,-10.747,0,0.311,0.199,0.0,0.356,0.655,99.131,216133,4,https://p.scdn.co/mp3-preview/753a6ea3154d670872ee2e743d2cb31f1a94e456?cid=b1b7bb35faa34eac9690da4b561aa86f
246,4HfxDJ0uLHTLe0fZrx0MbQ,HipHop,0.881,0.361,11,-14.728,0,0.237,0.0502,0.00458,0.246,0.799,96.43,216693,4,https://p.scdn.co/mp3-preview/8e0153aa9b7fa5642fd3ffeea4a1d037428349e6?cid=b1b7bb35faa34eac9690da4b561aa86f
247,4dbZObCjUs95HtmEHfKbnU,HipHop,0.817,0.817,8,-4.911,0,0.135,0.098,1.61e-06,0.0798,0.854,90.194,212760,4,https://p.scdn.co/mp3-preview/0536e12f7b0600c2f622b8c4b0e0461433b2b2a4?cid=b1b7bb35faa34eac9690da4b561aa86f
248,6hxn98poTu1O4YZfafvC18,HipHop,0.838,0.72,10,-6.593,0,0.384,0.0312,1.11e-05,0.422,0.845,93.76,242947,4,https://p.scdn.co/mp3-preview/65615702fb515035cc7b33a3f5e97a480749d198?cid=b1b7bb35faa34eac9690da4b561aa86f
249,62l1ZGNoUlJlVwhwMKu2T6,HipHop,0.622,0.913,1,-3.701,1,0.462,0.141,2.71e-05,0.12,0.546,92.222,173373,4,https://p.scdn.co/mp3-preview/fe532bf61e8ef96ba4a4bf232be0ed75cb890d36?cid=b1b7bb35faa34eac9690da4b561aa86f
250,1RjU7UhRICmdFPKxCucLgq,HipHop,0.875,0.658,0,-3.641,1,0.359,0.275,0.0,0.122,0.661,92.038,274093,4,https://p.scdn.co/mp3-preview/d92109753f27c71059c970637c4df714dce3552f?cid=b1b7bb35faa34eac9690da4b561aa86f
251,5YTM7OgQDt9EJAYcfHLniJ,HipHop,0.812,0.6,7,-9.414,1,0.254,0.00308,8.38e-06,0.173,0.555,97.338,226440,4,https://p.scdn.co/mp3-preview/0e863028040fd06c8a289ee8960f2edaf2333e0e?cid=b1b7bb35faa34eac9690da4b561aa86f
252,3LklW07tvdx2AHsgfi1Mng,HipHop,0.669,0.809,7,-7.146,1,0.147,0.00137,0.0,0.38,0.572,97.885,249293,4,https://p.scdn.co/mp3-preview/5203f9729ed414018251142839f6feb44670a781?cid=b1b7bb35faa34eac9690da4b561aa86f
253,6da04YB906XonC6IQNC44u,HipHop,0.66,0.789,7,-5.143,1,0.364,0.0527,0.0,0.341,0.513,182.218,199333,4,
254,1EhvYd5e7vkoN3udEN1Vyl,HipHop,0.752,0.364,7,-10.375,1,0.277,0.0177,0.000306,0.278,0.534,89.842,241760,4,
255,1k28sDTLOz942qa3wEtMQE,HipHop,0.848,0.838,4,-11.949,0,0.0721,0.0326,4.89e-06,0.124,0.787,97.736,271067,4,https://p.scdn.co/mp3-preview/09b8e04e35f6fea1f9689bf562ae8abbf910bd28?cid=b1b7bb35faa34eac9690da4b561aa86f
256,2p9sprAX27D6U5cuSE9NsM,HipHop,0.836,0.484,2,-7.332,1,0.327,0.0454,0.0,0.0557,0.839,95.941,222933,4,
257,5SEBSAio1N77Vbrj1cAEGb,HipHop,0.752,0.753,6,-7.721,0,0.357,0.114,0.0,0.317,0.604,102.549,289867,4,
258,3Y6XWs8xMlCngyIxNOFnsp,HipHop,0.794,0.95,1,-8.78,1,0.294,0.124,7.71e-05,0.133,0.324,94.984,258507,4,https://p.scdn.co/mp3-preview/3f8e4cae74d9af800fb1327f7c869ecf77e5872e?cid=b1b7bb35faa34eac9690da4b561aa86f
259,3lGBvPUgO7MJltUnBlOpe9,HipHop,0.808,0.726,10,-8.435,0,0.252,0.0208,0.276,0.129,0.616,96.12,221027,4,
260,7bp5DfkdK1OAvNJ1U4HfDA,HipHop,0.704,0.642,1,-10.11,1,0.39,0.00704,1.43e-06,0.161,0.72,92.09,209973,4,
261,2MAaiV0bbeq4FpSwPe2rR8,HipHop,0.773,0.581,8,-8.466,1,0.432,0.0352,0.0,0.485,0.711,94.093,203067,4,https://p.scdn.co/mp3-preview/b4e868dab3592056c9c071d3ea45e3bfa4b0422a?cid=b1b7bb35faa34eac9690da4b561aa86f
262,7fXhkARAtS66kxexMIAx8O,HipHop,0.725,0.68,0,-6.037,1,0.224,0.149,0.0,0.127,0.695,90.964,268707,4,https://p.scdn.co/mp3-preview/cf1db947f9efbd9776bffa48f5514bf50b597c15?cid=b1b7bb35faa34eac9690da4b561aa86f
263,3glqlA5qY3bbo8UaUDGPnw,HipHop,0.739,0.639,2,-6.959,1,0.358,0.000918,2.74e-05,0.352,0.323,91.121,338187,4,https://p.scdn.co/mp3-preview/5a6e8bec4846a5a650774ed0a01e3580005ee475?cid=b1b7bb35faa34eac9690da4b561aa86f
264,1NHwvBmrUje4L1dxfWnXCH,HipHop,0.906,0.623,1,-6.711,0,0.303,0.00864,4.19e-06,0.0753,0.715,99.498,194293,4,https://p.scdn.co/mp3-preview/1878fe75f19f56e60e6e79ef3bb7d38dfc4c92a3?cid=b1b7bb35faa34eac9690da4b561aa86f
265,0YEC3pNS0uIKvZb5u4lgsu,HipHop,0.813,0.693,10,-8.0,0,0.266,0.0343,0.0,0.121,0.618,103.508,391693,4,https://p.scdn.co/mp3-preview/4eeada6e0c94f6774cdc3fabcebb0c2d74fffa0d?cid=b1b7bb35faa34eac9690da4b561aa86f
266,6l4wMAXzI8RxIysQMYZY0w,HipHop,0.769,0.675,6,-13.326,1,0.0724,0.000722,0.000149,0.0904,0.803,101.884,252240,4,https://p.scdn.co/mp3-preview/259b1b29443f8d2a6b702107f53e006bf2ffa74c?cid=b1b7bb35faa34eac9690da4b561aa86f
267,53oWwSxPuyH2cjYKXH8fgO,HipHop,0.736,0.828,11,-5.835,0,0.284,0.477,0.0,0.251,0.899,91.224,274938,4,https://p.scdn.co/mp3-preview/9e6710b27efdcedf53a2e643d0057a5f334d7cd1?cid=b1b7bb35faa34eac9690da4b561aa86f
268,4LGMSdeKOUoy5Wf75Je0Hl,HipHop,0.792,0.694,8,-8.496,0,0.33,0.0619,2.32e-05,0.25,0.804,177.094,309773,4,
269,71XhXay6rKPZCVAaDtFlSR,HipHop,0.832,0.749,2,-6.129,1,0.37,0.0998,3.74e-06,0.0837,0.65,94.899,333907,4,https://p.scdn.co/mp3-preview/354650d6f30dbe60e4772d045a6956402640c5a8?cid=b1b7bb35faa34eac9690da4b561aa86f
270,4WMBl2wiGUSGa5C7tfQEAo,HipHop,0.801,0.55,10,-11.044,0,0.209,0.365,0.0234,0.117,0.609,94.994,293933,4,
271,26q6YTrXt9l8qshIveiTX9,HipHop,0.884,0.334,1,-18.943,0,0.228,0.0476,0.0588,0.107,0.571,98.315,261267,4,
272,2Mb3zpobD0CvJGWv6NpsPy,HipHop,0.761,0.683,2,-10.889,1,0.164,0.141,0.0,0.342,0.671,101.787,286693,4,https://p.scdn.co/mp3-preview/9c913a6f72651caea2ba7998720c3721f095372d?cid=b1b7bb35faa34eac9690da4b561aa86f
273,1zS4PMsHfkSXPkzrEkCkC6,HipHop,0.753,0.539,6,-8.03,0,0.425,0.0515,1.19e-05,0.0841,0.78,83.92,134040,4,https://p.scdn.co/mp3-preview/8fb02d63ad5277aeea1f5ac55f33d2a8eb367ce6?cid=b1b7bb35faa34eac9690da4b561aa86f
274,5l7icgnicl7JToRxPkSXyy,HipHop,0.703,0.393,2,-10.88,1,0.0455,0.6,6.09e-06,0.113,0.478,79.653,337200,4,https://p.scdn.co/mp3-preview/add1e0dc74604dd10419f1c019945b1deb88360e?cid=b1b7bb35faa34eac9690da4b561aa86f
